"ANO";"NIVEL";"CODMUNRES";"POPRE_T";"POPRC_T";"POPRC_M";"POPRC_F";"POPRC_15";"POPRC_15_49";"POPRC_50";"POPRC_F_15";"POPRC_F_15_49";"POPRC_F_50"
2016;"MUNICIPIO";4200051;"2617";2653;1382;1271;576;1342;735;274;641;356
2016;"MUNICIPIO";4200101;"17782";17100;8628;8472;4794;9040;3266;2315;4533;1624
2016;"MUNICIPIO";4200200;"10427";9323;4699;4624;2087;5229;2007;1017;2568;1039
2016;"MUNICIPIO";4200309;"5371";4904;2497;2407;1135;2689;1080;539;1329;539
2016;"MUNICIPIO";4200408;"7143";6961;3554;3407;1779;3587;1595;845;1751;811
2016;"MUNICIPIO";4200507;"6412";6110;3124;2986;1301;3276;1533;671;1546;769
2016;"MUNICIPIO";4200556;"2397";2424;1279;1145;521;1282;621;226;599;320
2016;"MUNICIPIO";4200606;"6206";5548;2810;2738;1098;3107;1343;572;1500;666
2016;"MUNICIPIO";4200705;"9905";9410;4784;4626;2154;5171;2085;1073;2510;1043
2016;"MUNICIPIO";4200754;"1977";2005;1005;1000;370;944;691;192;462;346
2016;"MUNICIPIO";4200804;"5909";6380;3231;3149;1458;3250;1672;724;1607;818
2016;"MUNICIPIO";4200903;"4998";5250;2765;2485;1066;2744;1440;500;1241;744
2016;"MUNICIPIO";4201000;"7708";8623;4340;4283;2022;4357;2244;1006;2119;1158
2016;"MUNICIPIO";4201109;"3251";3214;1675;1539;700;1657;857;334;779;426
2016;"MUNICIPIO";4201208;"8223";7458;3757;3701;1576;4231;1651;796;2086;819
2016;"MUNICIPIO";4201257;"10432";9600;4866;4734;2277;5347;1976;1102;2618;1014
2016;"MUNICIPIO";4201273;"4278";4193;2133;2060;802;2082;1309;397;998;665
2016;"MUNICIPIO";4201307;"33867";24810;12648;12162;7055;13911;3844;3463;6769;1930
2016;"MUNICIPIO";4201406;"66442";61310;30138;31172;13922;34539;12849;6783;17464;6925
2016;"MUNICIPIO";4201505;"8431";7753;3924;3829;1668;4249;1836;827;2069;933
2016;"MUNICIPIO";4201604;"3564";3502;1747;1755;635;1848;1019;322;916;517
2016;"MUNICIPIO";4201653;"2266";2260;1229;1031;478;1205;577;197;554;280
2016;"MUNICIPIO";4201703;"7829";7412;3680;3732;1500;4140;1772;742;2052;938
2016;"MUNICIPIO";4201802;"3268";3300;1661;1639;693;1776;831;335;887;417
2016;"MUNICIPIO";4201901;"5681";5549;2824;2725;1240;3025;1284;600;1485;640
2016;"MUNICIPIO";4201950;"11982";9586;4743;4843;2076;4721;2789;1002;2406;1435
2016;"MUNICIPIO";4202008;"131727";108089;51393;56696;19451;63409;25229;9469;32923;14304
2016;"MUNICIPIO";4202057;"10073";8430;4172;4258;1819;3700;2911;882;1892;1484
2016;"MUNICIPIO";4202073;"10128";8234;4092;4142;1857;4004;2373;891;2042;1209
2016;"MUNICIPIO";4202081;"2779";2906;1535;1371;620;1409;877;284;650;437
2016;"MUNICIPIO";4202099;"1764";1878;976;902;411;909;558;204;428;270
2016;"MUNICIPIO";4202107;"27080";22386;11103;11283;5448;11514;5424;2673;5791;2819
2016;"MUNICIPIO";4202131;"6276";6004;3104;2900;1547;3305;1152;776;1584;540
2016;"MUNICIPIO";4202156;"2705";2635;1358;1277;580;1366;689;280;665;332
2016;"MUNICIPIO";4202206;"11297";10336;5280;5056;2180;5680;2476;1070;2735;1251
2016;"MUNICIPIO";4202305;"65528";58206;28665;29541;13567;33709;10930;6791;16952;5798
2016;"MUNICIPIO";4202404;"343715";309011;151542;157469;61531;184430;63050;29964;92639;34866
2016;"MUNICIPIO";4202438;"3440";3290;1700;1590;768;1690;832;381;813;396
2016;"MUNICIPIO";4202453;"18052";14293;7194;7099;3259;8253;2781;1607;4092;1400
2016;"MUNICIPIO";4202503;"4663";4395;2253;2142;1046;2385;964;492;1200;450
2016;"MUNICIPIO";4202537;"2870";2526;1253;1273;602;1383;541;326;689;258
2016;"MUNICIPIO";4202578;"2153";2132;1078;1054;429;1052;651;216;510;328
2016;"MUNICIPIO";4202602;"9698";8942;4513;4429;2372;4705;1865;1141;2327;961
2016;"MUNICIPIO";4202701;"5022";4468;2278;2190;790;2571;1107;407;1232;551
2016;"MUNICIPIO";4202800;"32209";29018;14533;14485;6710;17011;5297;3248;8449;2788
2016;"MUNICIPIO";4202859;"3682";3457;1765;1692;728;1884;845;338;915;439
2016;"MUNICIPIO";4202875;"2589";2850;1452;1398;686;1457;707;339;692;367
2016;"MUNICIPIO";4202909;"125810";105503;52400;53103;20835;64265;20403;10089;32043;10971
2016;"MUNICIPIO";4203006;"76571";70762;35040;35722;17902;39610;13250;8773;19870;7079
2016;"MUNICIPIO";4203105;"6228";6219;3142;3077;1275;3267;1677;615;1603;859
2016;"MUNICIPIO";4203154;"3389";3387;1749;1638;1156;1721;510;563;843;232
2016;"MUNICIPIO";4203204;"76592";62361;31159;31202;16458;36474;9429;8009;18234;4959
2016;"MUNICIPIO";4203253;"2625";2753;1431;1322;640;1373;740;321;664;337
2016;"MUNICIPIO";4203303;"12002";11748;5970;5778;2853;6187;2708;1399;2987;1392
2016;"MUNICIPIO";4203402;"7237";7483;3850;3633;1855;3878;1750;910;1873;850
2016;"MUNICIPIO";4203501;"8890";9370;4686;4684;2435;4816;2119;1204;2390;1090
2016;"MUNICIPIO";4203600;"35383";32824;16257;16567;7950;18009;6865;3955;8998;3614
2016;"MUNICIPIO";4203709;"11781";10603;5372;5231;2578;5979;2046;1255;2903;1073
2016;"MUNICIPIO";4203808;"54296";52765;26044;26721;12598;29179;10988;6237;14577;5907
2016;"MUNICIPIO";4203907;"22327";20769;10233;10536;4695;12048;4026;2274;6098;2164
2016;"MUNICIPIO";4203956;"23982";21674;10499;11175;4791;12261;4622;2372;6275;2528
2016;"MUNICIPIO";4204004;"10503";9555;4763;4792;2348;5324;1883;1162;2656;974
2016;"MUNICIPIO";4204103;"3939";4411;2219;2192;900;2220;1291;451;1094;647
2016;"MUNICIPIO";4204152;"2768";2771;1395;1376;595;1457;719;307;709;360
2016;"MUNICIPIO";4204178;"3308";3581;1873;1708;884;1824;873;424;863;421
2016;"MUNICIPIO";4204194;"2933";2762;1425;1337;741;1484;537;374;702;261
2016;"MUNICIPIO";4204202;"209553";183530;90626;92904;41110;110500;31920;20182;55541;17181
2016;"MUNICIPIO";4204251;"16301";15159;7523;7636;2953;9020;3186;1457;4506;1673
2016;"MUNICIPIO";4204301;"73206";68621;33771;34850;13898;38529;16194;6889;19321;8640
2016;"MUNICIPIO";4204350;"4253";3767;1921;1846;701;2143;923;348;1030;468
2016;"MUNICIPIO";4204400;"10165";10213;5189;5024;2019;5557;2637;991;2667;1366
2016;"MUNICIPIO";4204459;"2541";2458;1262;1196;560;1318;580;287;624;285
2016;"MUNICIPIO";4204509;"15337";13852;7002;6850;2981;7821;3050;1473;3771;1606
2016;"MUNICIPIO";4204558;"13591";14785;7376;7409;3706;8006;3073;1834;4041;1534
2016;"MUNICIPIO";4204608;"209153";192308;94607;97701;40338;112209;39761;19851;56251;21599
2016;"MUNICIPIO";4204707;"11020";10613;5258;5355;2017;5698;2898;1019;2781;1555
2016;"MUNICIPIO";4204756;"1949";1882;1004;878;363;998;521;156;464;258
2016;"MUNICIPIO";4204806;"39399";37748;18521;19227;9679;19986;8083;4714;10201;4312
2016;"MUNICIPIO";4204905;"8452";8634;4356;4278;1645;4467;2522;781;2202;1295
2016;"MUNICIPIO";4205001;"15395";14811;7414;7397;3770;7504;3537;1838;3750;1809
2016;"MUNICIPIO";4205100;"4039";3721;1909;1812;884;1984;853;429;939;444
2016;"MUNICIPIO";4205159;"3990";3604;1794;1810;818;1873;913;415;920;475
2016;"MUNICIPIO";4205175;"3167";3018;1557;1461;922;1544;552;434;754;273
2016;"MUNICIPIO";4205191;"2077";2050;1066;984;456;1091;503;204;521;259
2016;"MUNICIPIO";4205209;"4472";4352;2148;2204;876;2181;1295;458;1077;669
2016;"MUNICIPIO";4205308;"10758";10661;5357;5304;2593;5869;2199;1260;2909;1135
2016;"MUNICIPIO";4205357;"1597";1588;827;761;335;797;456;162;366;233
2016;"MUNICIPIO";4205407;"477798";421240;203047;218193;75405;248924;96911;37215;126744;54234
2016;"MUNICIPIO";4205431;"2562";2601;1327;1274;554;1383;664;270;669;335
2016;"MUNICIPIO";4205456;"25560";22548;11307;11241;5368;13470;3710;2667;6661;1913
2016;"MUNICIPIO";4205506;"36102";34553;17161;17392;9181;19130;6242;4543;9692;3157
2016;"MUNICIPIO";4205555;"2197";2474;1288;1186;614;1293;567;303;615;268
2016;"MUNICIPIO";4205605;"3137";3472;1720;1752;796;1785;891;387;915;450
2016;"MUNICIPIO";4205704;"21573";18138;9127;9011;3865;10171;4102;1899;5006;2106
2016;"MUNICIPIO";4205803;"17134";14761;7540;7221;4003;8074;2684;1920;3984;1317
2016;"MUNICIPIO";4205902;"66213";57981;28678;29303;12552;34348;11081;6159;17222;5922
2016;"MUNICIPIO";4206009;"14087";12999;6641;6358;2604;7421;2974;1243;3604;1511
2016;"MUNICIPIO";4206108;"6507";6223;3235;2988;1305;3489;1429;631;1660;697
2016;"MUNICIPIO";4206207;"11313";10635;5286;5349;2197;5804;2634;1066;2905;1378
2016;"MUNICIPIO";4206306;"22174";18430;9351;9079;3821;11086;3523;1830;5456;1793
2016;"MUNICIPIO";4206405;"10316";10498;5300;5198;1966;5608;2924;969;2714;1515
2016;"MUNICIPIO";4206504;"41879";35172;17840;17332;8360;21452;5360;4137;10437;2758
2016;"MUNICIPIO";4206603;"5118";4908;2401;2507;956;2618;1334;490;1315;702
2016;"MUNICIPIO";4206652;"4736";4679;2471;2208;1113;2478;1088;515;1193;500
2016;"MUNICIPIO";4206702;"22324";21239;10497;10742;4583;11910;4746;2228;5999;2515
2016;"MUNICIPIO";4206751;"1968";1945;981;964;390;1018;537;183;520;261
2016;"MUNICIPIO";4206801;"3290";3373;1775;1598;670;1644;1059;302;775;521
2016;"MUNICIPIO";4206900;"18567";17330;8666;8664;3876;9552;3902;1933;4682;2049
2016;"MUNICIPIO";4207007;"53998";58833;29303;29530;13189;33764;11880;6520;16864;6146
2016;"MUNICIPIO";4207106;"13676";12355;6227;6128;2966;6991;2398;1451;3470;1207
2016;"MUNICIPIO";4207205;"10752";11672;5865;5807;2463;5555;3654;1214;2722;1871
2016;"MUNICIPIO";4207304;"43624";40170;19805;20365;8337;21609;10224;4065;10879;5421
2016;"MUNICIPIO";4207403;"6087";5707;2890;2817;1431;3120;1156;718;1506;593
2016;"MUNICIPIO";4207502;"65000";54854;27431;27423;12224;32302;10328;5994;15891;5538
2016;"MUNICIPIO";4207577;"2899";2739;1393;1346;494;1419;826;227;700;419
2016;"MUNICIPIO";4207601;"4599";4752;2366;2386;949;2337;1466;480;1159;747
2016;"MUNICIPIO";4207650;"8876";8409;4258;4151;1743;4494;2172;882;2141;1128
2016;"MUNICIPIO";4207684;"7331";6798;3473;3325;2218;3355;1225;1064;1649;612
2016;"MUNICIPIO";4207700;"7530";7220;3665;3555;1439;3926;1855;701;1888;966
2016;"MUNICIPIO";4207759;"4103";4253;2172;2081;917;2137;1199;445;1032;604
2016;"MUNICIPIO";4207809;"10202";9531;4850;4681;2316;5222;1993;1138;2515;1028
2016;"MUNICIPIO";4207858;"2004";2096;1072;1024;452;1108;536;225;526;273
2016;"MUNICIPIO";4207908;"11061";10448;5346;5102;2731;5668;2049;1319;2757;1026
2016;"MUNICIPIO";4208005;"6311";6426;3218;3208;1399;3392;1635;686;1685;837
2016;"MUNICIPIO";4208104;"21385";20301;10409;9892;5314;10873;4114;2578;5205;2109
2016;"MUNICIPIO";4208203;"208958";183373;90111;93262;41072;107459;34842;20019;54077;19166
2016;"MUNICIPIO";4208302;"59147";45797;22391;23406;10242;25975;9580;5046;13283;5077
2016;"MUNICIPIO";4208401;"16541";15409;7858;7551;3309;8738;3362;1608;4252;1691
2016;"MUNICIPIO";4208450;"18749";14763;7447;7316;3359;7287;4117;1641;3607;2068
2016;"MUNICIPIO";4208500;"24343";22250;11095;11155;5129;12621;4500;2528;6284;2343
2016;"MUNICIPIO";4208609;"4006";4041;2013;2028;775;2104;1162;404;1021;603
2016;"MUNICIPIO";4208708;"10573";10609;5262;5347;2243;5742;2624;1143;2838;1366
2016;"MUNICIPIO";4208807;"19254";17290;8625;8665;3629;8998;4663;1795;4470;2400
2016;"MUNICIPIO";4208906;"167300";143123;71801;71322;29847;88523;24753;14717;43484;13121
2016;"MUNICIPIO";4208955;"1649";1766;900;866;376;954;436;195;453;218
2016;"MUNICIPIO";4209003;"29310";27020;13008;14012;5313;15354;6353;2712;7814;3486
2016;"MUNICIPIO";4209102;"569645";515288;255756;259532;111746;304606;98936;54665;151670;53197
2016;"MUNICIPIO";4209151;"4874";4721;2392;2329;1290;2408;1023;640;1200;489
2016;"MUNICIPIO";4209177;"2134";2148;1094;1054;497;1103;548;232;546;276
2016;"MUNICIPIO";4209201;"2249";2199;1096;1103;425;1132;642;207;563;333
2016;"MUNICIPIO";4209300;"158620";156727;75952;80775;36218;86172;34337;17688;44157;18930
2016;"MUNICIPIO";4209409;"44982";51562;25305;26257;10770;26941;13851;5306;13549;7402
2016;"MUNICIPIO";4209458;"1461";1490;756;734;272;780;438;125;386;223
2016;"MUNICIPIO";4209508;"6694";6004;3001;3003;1220;3449;1335;596;1710;697
2016;"MUNICIPIO";4209607;"15073";14367;7187;7180;3137;8058;3172;1511;3999;1670
2016;"MUNICIPIO";4209706;"12119";11838;6081;5757;3480;6122;2236;1681;2975;1101
2016;"MUNICIPIO";4209805;"3179";3365;1754;1611;741;1839;785;374;852;385
2016;"MUNICIPIO";4209854;"4630";4642;2393;2249;910;2429;1303;420;1172;657
2016;"MUNICIPIO";4209904;"11584";10244;5126;5118;2403;5625;2216;1167;2789;1162
2016;"MUNICIPIO";4210001;"12162";10438;5383;5055;2443;6006;1989;1180;2885;990
2016;"MUNICIPIO";4210035;"5703";5600;2740;2860;966;2975;1659;483;1477;900
2016;"MUNICIPIO";4210050;"1807";1826;948;878;434;958;434;225;446;207
2016;"MUNICIPIO";4210100;"55611";52912;26251;26661;12255;29187;11470;6019;14473;6169
2016;"MUNICIPIO";4210209;"3416";3279;1672;1607;712;1721;846;362;823;422
2016;"MUNICIPIO";4210308;"7957";7479;3799;3680;1869;4021;1589;944;1947;789
2016;"MUNICIPIO";4210407;"7051";6404;3248;3156;1485;3524;1395;722;1723;711
2016;"MUNICIPIO";4210506;"24712";22101;10907;11194;4604;12505;4992;2256;6295;2643
2016;"MUNICIPIO";4210555;"1952";2203;1135;1068;428;1144;631;196;558;314
2016;"MUNICIPIO";4210605;"16240";14674;7449;7225;2923;8304;3447;1404;4041;1780
2016;"MUNICIPIO";4210704;"2652";2839;1475;1364;822;1445;572;397;692;275
2016;"MUNICIPIO";4210803;"7056";7000;3458;3542;1401;3910;1689;708;1961;873
2016;"MUNICIPIO";4210852;"2399";2513;1273;1240;597;1275;641;300;613;327
2016;"MUNICIPIO";4210902;"4181";4045;2070;1975;869;2195;981;411;1052;512
2016;"MUNICIPIO";4211009;"11343";10231;5422;4809;1990;5878;2363;975;2622;1212
2016;"MUNICIPIO";4211058;"9740";9312;4740;4572;2767;4962;1583;1348;2440;784
2016;"MUNICIPIO";4211108;"8473";8346;4283;4063;2248;4386;1712;1071;2107;885
2016;"MUNICIPIO";4211207;"17373";16126;8078;8048;3791;9363;2972;1832;4644;1572
2016;"MUNICIPIO";4211256;"2918";2890;1513;1377;596;1654;640;273;801;303
2016;"MUNICIPIO";4211306;"74964";60556;30158;30398;15198;34108;11250;7508;16967;5923
2016;"MUNICIPIO";4211405;"4804";4275;2205;2070;913;2362;1000;417;1147;506
2016;"MUNICIPIO";4211454;"4339";4267;2210;2057;1004;2249;1014;485;1061;511
2016;"MUNICIPIO";4211504;"13861";12190;6181;6009;2356;7005;2829;1154;3390;1465
2016;"MUNICIPIO";4211603;"14654";13309;6719;6590;2795;7658;2856;1334;3828;1428
2016;"MUNICIPIO";4211652;"2569";2750;1450;1300;649;1365;736;310;632;358
2016;"MUNICIPIO";4211702;"22587";21393;10634;10759;4532;12256;4605;2255;6067;2437
2016;"MUNICIPIO";4211751;"18075";16337;8262;8075;4104;9049;3184;1993;4481;1601
2016;"MUNICIPIO";4211801;"7381";7372;3671;3701;1471;4003;1898;725;1984;992
2016;"MUNICIPIO";4211850;"2254";2271;1150;1121;534;1240;497;260;603;258
2016;"MUNICIPIO";4211876;"1607";1763;939;824;376;881;506;182;400;242
2016;"MUNICIPIO";4211892;"2378";2353;1232;1121;553;1174;626;271;562;288
2016;"MUNICIPIO";4211900;"161395";137334;68436;68898;31837;81586;23911;15577;40752;12569
2016;"MUNICIPIO";4212007;"7604";7765;3957;3808;2003;4119;1643;974;2025;809
2016;"MUNICIPIO";4212056;"2562";2373;1221;1152;575;1169;629;301;550;301
2016;"MUNICIPIO";4212106;"16257";16020;8018;8002;3125;8414;4481;1505;4163;2334
2016;"MUNICIPIO";4212205;"18905";17928;9172;8756;4582;9727;3619;2245;4675;1836
2016;"MUNICIPIO";4212239;"3688";4080;2091;1989;909;1998;1173;444;964;581
2016;"MUNICIPIO";4212254;"8142";6627;3352;3275;1617;3569;1441;777;1780;718
2016;"MUNICIPIO";4212270;"4279";4425;2241;2184;1242;2246;937;637;1092;455
2016;"MUNICIPIO";4212304;"7282";6692;3404;3288;1519;3639;1534;752;1760;776
2016;"MUNICIPIO";4212403;"4047";4107;2098;2009;756;2185;1166;351;1048;610
2016;"MUNICIPIO";4212502;"30262";25141;12538;12603;5761;13474;5906;2825;6681;3097
2016;"MUNICIPIO";4212601;"2880";2988;1484;1504;520;1510;958;280;742;482
2016;"MUNICIPIO";4212700;"6051";6131;3165;2966;1303;3240;1588;621;1547;798
2016;"MUNICIPIO";4212809;"21253";17078;8521;8557;4147;9066;3865;2005;4516;2036
2016;"MUNICIPIO";4212908;"19105";16332;8177;8155;3488;9620;3224;1721;4718;1716
2016;"MUNICIPIO";4213005;"3438";3147;1616;1531;656;1781;710;297;872;362
2016;"MUNICIPIO";4213104;"4209";4786;2373;2413;934;2481;1371;468;1239;706
2016;"MUNICIPIO";4213153;"2823";2654;1383;1271;531;1391;732;235;670;366
2016;"MUNICIPIO";4213203;"31760";27759;13904;13855;5197;16186;6376;2538;7956;3361
2016;"MUNICIPIO";4213302;"4796";4894;2454;2440;1329;2453;1112;647;1235;558
2016;"MUNICIPIO";4213351;"3405";3303;1644;1659;920;1770;613;445;902;312
2016;"MUNICIPIO";4213401;"11499";11031;5534;5497;2898;5879;2254;1410;2889;1198
2016;"MUNICIPIO";4213500;"19744";16083;7998;8085;3695;8981;3407;1861;4489;1735
2016;"MUNICIPIO";4213609;"35045";33493;16448;17045;7907;17911;7675;3837;9042;4166
2016;"MUNICIPIO";4213708;"16692";14810;7504;7306;3530;8089;3191;1716;3987;1603
2016;"MUNICIPIO";4213807;"7367";7267;3658;3609;1568;3859;1840;777;1907;925
2016;"MUNICIPIO";4213906;"1630";1725;881;844;320;872;533;147;414;283
2016;"MUNICIPIO";4214003;"16736";14887;7404;7483;3203;8279;3405;1580;4110;1793
2016;"MUNICIPIO";4214102;"2306";2284;1167;1117;495;1200;589;264;559;294
2016;"MUNICIPIO";4214151;"2891";2758;1421;1337;606;1502;650;290;712;335
2016;"MUNICIPIO";4214201;"10096";10248;5168;5080;2174;5557;2517;1103;2726;1251
2016;"MUNICIPIO";4214300;"2860";2748;1398;1350;557;1491;700;271;732;347
2016;"MUNICIPIO";4214409;"6246";6143;3153;2990;1459;3164;1520;699;1518;773
2016;"MUNICIPIO";4214508;"6078";6192;3179;3013;1443;3334;1415;691;1607;715
2016;"MUNICIPIO";4214607;"7428";7090;3599;3491;1469;3745;1876;731;1790;970
2016;"MUNICIPIO";4214706;"11295";10284;5268;5016;1956;5559;2769;966;2648;1402
2016;"MUNICIPIO";4214805;"68217";61198;29978;31220;12750;35250;13198;6291;17700;7229
2016;"MUNICIPIO";4214904;"4594";4446;2294;2152;779;2508;1159;384;1184;584
2016;"MUNICIPIO";4215000;"41817";39846;19977;19869;10357;22294;7195;5051;10986;3832
2016;"MUNICIPIO";4215059;"2487";2436;1245;1191;617;1294;525;322;615;254
2016;"MUNICIPIO";4215075;"4705";4838;2498;2340;1096;2475;1267;504;1187;649
2016;"MUNICIPIO";4215109;"11434";10922;5487;5435;1946;5931;3045;961;2899;1575
2016;"MUNICIPIO";4215208;"5120";5551;2793;2758;1247;2632;1672;583;1315;860
2016;"MUNICIPIO";4215307;"7614";7370;3772;3598;1700;3988;1682;810;1965;823
2016;"MUNICIPIO";4215356;"3872";3961;2040;1921;1050;1907;1004;497;928;496
2016;"MUNICIPIO";4215406;"4616";4301;2189;2112;933;2414;954;441;1171;500
2016;"MUNICIPIO";4215455;"12001";10400;5322;5078;2859;5902;1639;1381;2846;851
2016;"MUNICIPIO";4215505;"16606";15757;7849;7908;4503;8626;2628;2222;4357;1329
2016;"MUNICIPIO";4215554;"2288";2382;1236;1146;468;1242;672;224;583;339
2016;"MUNICIPIO";4215604;"2133";2065;1092;973;387;1148;530;167;537;269
2016;"MUNICIPIO";4215653;"8333";8054;4050;4004;1856;4293;1905;933;2113;958
2016;"MUNICIPIO";4215679;"8855";8767;4700;4067;2178;4933;1656;1064;2226;777
2016;"MUNICIPIO";4215687;"2611";2896;1493;1403;703;1403;790;339;669;395
2016;"MUNICIPIO";4215695;"1341";1465;754;711;317;759;389;149;364;198
2016;"MUNICIPIO";4215703;"22266";19823;9984;9839;4164;11536;4123;2010;5681;2148
2016;"MUNICIPIO";4215752;"2496";2677;1407;1270;681;1331;665;323;631;316
2016;"MUNICIPIO";4215802;"81893";74801;37239;37562;17238;43885;13678;8476;21865;7221
2016;"MUNICIPIO";4215901;"2922";3008;1551;1457;555;1508;945;283;688;486
2016;"MUNICIPIO";4216008;"11038";10291;5171;5120;1973;5633;2685;956;2768;1396
2016;"MUNICIPIO";4216057;"5412";5012;2850;2162;1223;2858;931;597;1151;414
2016;"MUNICIPIO";4216107;"9509";9491;4780;4711;2154;5041;2296;1022;2510;1179
2016;"MUNICIPIO";4216206;"49658";42520;21182;21338;10190;22458;9872;4978;11128;5232
2016;"MUNICIPIO";4216255;"6285";6036;3098;2938;1055;3189;1792;522;1508;908
2016;"MUNICIPIO";4216305;"33897";26260;13287;12973;6039;16022;4199;2938;7912;2123
2016;"MUNICIPIO";4216354;"3662";3435;1790;1645;832;1832;771;419;871;355
2016;"MUNICIPIO";4216404;"7247";7002;3530;3472;1548;3803;1651;777;1866;829
2016;"MUNICIPIO";4216503;"26447";24812;12434;12378;5658;13559;5595;2772;6763;2843
2016;"MUNICIPIO";4216602;"236029";209804;101392;108412;41944;124932;42928;20560;63723;24129
2016;"MUNICIPIO";4216701;"13899";13684;6892;6792;2906;7336;3442;1388;3631;1773
2016;"MUNICIPIO";4216800;"8705";9273;4801;4472;2162;4553;2558;1060;2191;1221
2016;"MUNICIPIO";4216909;"23473";21792;10828;10964;4895;12095;4802;2364;6113;2487
2016;"MUNICIPIO";4217006;"12688";10993;5625;5368;2522;6682;1789;1209;3248;911
2016;"MUNICIPIO";4217105;"3217";3209;1660;1549;588;1660;961;271;778;500
2016;"MUNICIPIO";4217154;"1860";1904;979;925;397;953;554;192;450;283
2016;"MUNICIPIO";4217204;"39390";36306;17650;18656;7127;20786;8393;3493;10672;4491
2016;"MUNICIPIO";4217253;"5488";4704;2988;1716;608;2989;1107;307;871;538
2016;"MUNICIPIO";4217303;"9594";9016;4618;4398;1832;5128;2056;900;2446;1052
2016;"MUNICIPIO";4217402;"19463";15316;7801;7515;3534;9225;2557;1740;4496;1279
2016;"MUNICIPIO";4217501;"17483";16936;8525;8411;3404;9663;3869;1726;4709;1976
2016;"MUNICIPIO";4217550;"3307";3285;1634;1651;661;1802;822;348;880;423
2016;"MUNICIPIO";4217600;"13778";12998;6480;6518;2697;7197;3104;1319;3545;1654
2016;"MUNICIPIO";4217709;"29340";26613;13072;13541;6326;15051;5236;3128;7655;2758
2016;"MUNICIPIO";4217758;"2587";2766;1437;1329;631;1365;770;305;639;385
2016;"MUNICIPIO";4217808;"18161";17260;8690;8570;3816;9418;4026;1854;4623;2093
2016;"MUNICIPIO";4217907;"8748";8674;4470;4204;1832;4725;2117;888;2242;1074
2016;"MUNICIPIO";4217956;"1707";1757;902;855;344;875;538;160;418;277
2016;"MUNICIPIO";4218004;"36170";30960;15494;15466;6870;17947;6143;3321;8929;3216
2016;"MUNICIPIO";4218103;"5379";5308;2693;2615;1112;2875;1321;545;1402;668
2016;"MUNICIPIO";4218202;"42045";36774;18244;18530;7065;21367;8342;3441;10657;4432
2016;"MUNICIPIO";4218251;"7699";7167;3612;3555;2292;3825;1050;1176;1885;494
2016;"MUNICIPIO";4218301;"19046";18129;9057;9072;5089;9754;3286;2530;4824;1718
2016;"MUNICIPIO";4218350;"3824";3527;1789;1738;661;2009;857;315;1001;422
2016;"MUNICIPIO";4218400;"7082";6876;3451;3425;1358;3883;1635;683;1912;830
2016;"MUNICIPIO";4218509;"7392";6341;3150;3191;1426;3606;1309;706;1791;694
2016;"MUNICIPIO";4218608;"7135";6553;3268;3285;1402;3630;1521;666;1806;813
2016;"MUNICIPIO";4218707;"103674";97235;47114;50121;18174;55366;23695;8941;28095;13085
2016;"MUNICIPIO";4218756;"4612";4633;2368;2265;935;2437;1261;453;1173;639
2016;"MUNICIPIO";4218806;"12649";11854;5850;6004;2455;6774;2625;1193;3423;1388
2016;"MUNICIPIO";4218855;"2650";2910;1475;1435;607;1507;796;301;730;404
2016;"MUNICIPIO";4218905;"11147";10699;5396;5303;2603;5670;2426;1283;2784;1236
2016;"MUNICIPIO";4218954;"2492";2482;1274;1208;531;1317;634;265;641;302
2016;"MUNICIPIO";4219002;"21090";20223;9935;10288;3661;11247;5315;1815;5603;2870
2016;"MUNICIPIO";4219101;"3590";3532;1785;1747;848;1879;805;408;925;414
2016;"MUNICIPIO";4219150;"2586";2808;1446;1362;680;1448;680;334;696;332
2016;"MUNICIPIO";4219176;"4635";4793;2428;2365;1262;2607;924;629;1276;460
2016;"MUNICIPIO";4219200;"6361";6290;3258;3032;1536;3468;1286;758;1637;637
2016;"MUNICIPIO";4219309;"51499";47188;23279;23909;10610;27467;9111;5201;13850;4858
2016;"MUNICIPIO";4219358;"5089";5207;2770;2437;1389;2723;1095;657;1272;508
2016;"MUNICIPIO";4219408;"3876";3600;1827;1773;816;1984;800;418;950;405
2016;"MUNICIPIO";4219507;"49057";44128;21581;22547;9926;25067;9135;4881;12693;4973
2016;"MUNICIPIO";4219606;"4039";4142;2160;1982;771;2172;1199;354;1025;603
2016;"MUNICIPIO";4219705;"27921";25713;12776;12937;5670;14480;5563;2730;7277;2930
2016;"MUNICIPIO";4219853;"3264";2991;1537;1454;705;1627;659;330;787;337
